Type,Name,Count
Artist,Block & Crown,112
Artist,CamelPhat,111
Artist,Green Velvet,108
Artist,UMEK,69
Artist,Dennis Cruz,67
Artist,Hardwell,66
Artist,Purple Disco Machine,65
Artist,ARTBAT,64
Artist,Tiesto,63
Artist,Jay Lumen,61
Artist,Sonny Fodera,60
Artist,FISHER (OZ),58
Artist,Mark Knight,57
Artist,Oliver Heldens,56
Artist,Riva Starr,56
Artist,Don Diablo,54
Artist,Maceo Plex,53
Artist,Richard Grey,51
Artist,David Guetta,50
Artist,Eli Brown,50
Artist,Enrico Sangiuliano,50
Artist,Armin van Buuren,49
Artist,Martin Ikin,49
Artist,Chris Lake,48
Artist,Crazibiza,48
Artist,Nora En Pure,47
Artist,Solardo,46
Artist,Adam Beyer,45
Artist,Lissat,45
Artist,John Summit,44
Artist,Martin Garrix,43
Artist,R3HAB,43
Artist,Prok & Fitch,42
Artist,Claptone,41
Artist,Dimitri Vegas,41
Artist,W&W,41
Artist,Hot Since 82,40
Artist,Victor Ruiz,40
Artist,Calvin Harris,39
Artist,Rampa,39
Artist,Tube & Berger,39
Artist,Ummet Ozcan,39
Artist,&ME,38
Artist,Ferreck Dawn,38
Artist,Josh Butler,38
Artist,Layton Giordani,38
Artist,Cristoph,37
Artist,Fedde Le Grand,37
Artist,Like Mike,37
Artist,Sander Van Doorn,37
